81bd050d3000a90d43d8eece135c1d9bf52dd2ddaf13e6d931d45d97c2d5d186	projects/DOC-2-060-Rare-Disease-Evidence/PROJECT_SUMMARY.md	DOC-2-060-Rare-Disease-Evidence/PROJECT_SUMMARY.md
29b28aab9c909fd827facef09996dc1320b134e39fd9c4c124d78e40b8f2f5a2	projects/DOC-2-060-Rare-Disease-Evidence/rounds/DOC-2-060-R0-feasibility-20260921.tar-783b6e70/DOC-2-060-R0-feasibility/README.md	DOC-2-060-Rare-Disease-Evidence/rounds/DOC-2-060-R0-feasibility-20260921.tar-783b6e70/DOC-2-060-R0-feasibility/README.md
cbcafb4ae718d2178f0a578b2f8c7559d67e74dbb41e496efd1959b2c0402a79	projects/DOC-2-060-Rare-Disease-Evidence/rounds/DOC-2-060-R0-feasibility-20260921.tar-783b6e70/DOC-2-060-R0-feasibility/protocol/LOCKED_PROTOCOL.md	DOC-2-060-Rare-Disease-Evidence/rounds/DOC-2-060-R0-feasibility-20260921.tar-783b6e70/DOC-2-060-R0-feasibility/protocol/LOCKED_PROTOCOL.md
9cb0a9c0b75cc698c12bb7d8d09ece71091aee693abce7d67f6c9117acc47197	projects/DOC-2-060-Rare-Disease-Evidence/rounds/DOC-2-060-R0-feasibility-20260921.tar-783b6e70/DOC-2-060-R0-feasibility/protocol/LOCKED_PROTOCOL.sha256	DOC-2-060-Rare-Disease-Evidence/rounds/DOC-2-060-R0-feasibility-20260921.tar-783b6e70/DOC-2-060-R0-feasibility/protocol/LOCKED_PROTOCOL.sha256
be09d12eafdefacd49bb31d3a087bc475999bc8e0f1118e9fc5d388d68eb8421	projects/DOC-2-060-Rare-Disease-Evidence/rounds/DOC-2-060-R0-feasibility-20260921.tar-783b6e70/DOC-2-060-R0-feasibility/provenance/SOURCE_LEDGER.md	DOC-2-060-Rare-Disease-Evidence/rounds/DOC-2-060-R0-feasibility-20260921.tar-783b6e70/DOC-2-060-R0-feasibility/provenance/SOURCE_LEDGER.md
961d72ee43cf265ec9d8e24f6f78799aae9e47857be8d121175a037f78511513	projects/DOC-2-060-Rare-Disease-Evidence/rounds/DOC-2-060-R0-feasibility-20260921.tar-783b6e70/DOC-2-060-R0-feasibility/provenance/file_manifest_sha256.csv	DOC-2-060-Rare-Disease-Evidence/rounds/DOC-2-060-R0-feasibility-20260921.tar-783b6e70/DOC-2-060-R0-feasibility/provenance/file_manifest_sha256.csv
445a100820a123244256d927a9439683491ef41a86e22aa2688e2ce1c88d47a7	projects/DOC-2-060-Rare-Disease-Evidence/rounds/DOC-2-060-R0-feasibility-20260921.tar-783b6e70/DOC-2-060-R0-feasibility/report/FULL_TECHNICAL_REPORT.md	DOC-2-060-Rare-Disease-Evidence/rounds/DOC-2-060-R0-feasibility-20260921.tar-783b6e70/DOC-2-060-R0-feasibility/report/FULL_TECHNICAL_REPORT.md
e4f9d929aaa516fda5d2cccedeb28d450ec9bb86be4f9160ab6295c3b5f872ca	projects/DOC-2-060-Rare-Disease-Evidence/rounds/DOC-2-060-R0-feasibility-20260921.tar-783b6e70/DOC-2-060-R0-feasibility/results/source_audit.csv	DOC-2-060-Rare-Disease-Evidence/rounds/DOC-2-060-R0-feasibility-20260921.tar-783b6e70/DOC-2-060-R0-feasibility/results/source_audit.csv
a53574f596b78e6ec6d0fc45f41585c01a9b53bae54e7f9dd93105b91460c580	projects/DOC-2-060-Rare-Disease-Evidence/rounds/DOC-2-060-R0-feasibility-20260921.tar-783b6e70/DOC-2-060-R0-feasibility/review/FLAGSHIP_REVIEW.md	DOC-2-060-Rare-Disease-Evidence/rounds/DOC-2-060-R0-feasibility-20260921.tar-783b6e70/DOC-2-060-R0-feasibility/review/FLAGSHIP_REVIEW.md
1f2dbcf02223142afaa0e7536ac399db241618bb545d458efa1980137ba152e6	projects/DOC-2-060-Rare-Disease-Evidence/rounds/DOC-2-060-R1-source-reconstruction-20260921.tar-478f3878/DOC-2-060-R1-source-reconstruction/README.md	DOC-2-060-Rare-Disease-Evidence/rounds/DOC-2-060-R1-source-reconstruction-20260921.tar-478f3878/DOC-2-060-R1-source-reconstruction/README.md
dfb831e79466b8f426865495214c4465c88aacd70d43c19f0cd1b4c8680eed02	projects/DOC-2-060-Rare-Disease-Evidence/rounds/DOC-2-060-R1-source-reconstruction-20260921.tar-478f3878/DOC-2-060-R1-source-reconstruction/protocol/LOCKED_PROTOCOL.md	DOC-2-060-Rare-Disease-Evidence/rounds/DOC-2-060-R1-source-reconstruction-20260921.tar-478f3878/DOC-2-060-R1-source-reconstruction/protocol/LOCKED_PROTOCOL.md
fdc4eaa797dac110c1db8ed1c749d1012bd5dc16e806d833444989fd5931aa51	projects/DOC-2-060-Rare-Disease-Evidence/rounds/DOC-2-060-R1-source-reconstruction-20260921.tar-478f3878/DOC-2-060-R1-source-reconstruction/protocol/LOCKED_PROTOCOL.sha256	DOC-2-060-Rare-Disease-Evidence/rounds/DOC-2-060-R1-source-reconstruction-20260921.tar-478f3878/DOC-2-060-R1-source-reconstruction/protocol/LOCKED_PROTOCOL.sha256
22bf6722e9762ca01a9b72056d2b0692129398eab4244011fbaf24341f10a325	projects/DOC-2-060-Rare-Disease-Evidence/rounds/DOC-2-060-R1-source-reconstruction-20260921.tar-478f3878/DOC-2-060-R1-source-reconstruction/provenance/SOURCE_LEDGER.md	DOC-2-060-Rare-Disease-Evidence/rounds/DOC-2-060-R1-source-reconstruction-20260921.tar-478f3878/DOC-2-060-R1-source-reconstruction/provenance/SOURCE_LEDGER.md
7608184cd0f0223c5dc67e1a3d855a1831ad10e6a08ddfffda95f964b2760a8a	projects/DOC-2-060-Rare-Disease-Evidence/rounds/DOC-2-060-R1-source-reconstruction-20260921.tar-478f3878/DOC-2-060-R1-source-reconstruction/provenance/file_manifest_sha256.csv	DOC-2-060-Rare-Disease-Evidence/rounds/DOC-2-060-R1-source-reconstruction-20260921.tar-478f3878/DOC-2-060-R1-source-reconstruction/provenance/file_manifest_sha256.csv
9366f6209fcc8747ad6b75d8e717e078adfa638752d6e15043b46a8ab99f8bf0	projects/DOC-2-060-Rare-Disease-Evidence/rounds/DOC-2-060-R1-source-reconstruction-20260921.tar-478f3878/DOC-2-060-R1-source-reconstruction/report/FULL_TECHNICAL_REPORT.md	DOC-2-060-Rare-Disease-Evidence/rounds/DOC-2-060-R1-source-reconstruction-20260921.tar-478f3878/DOC-2-060-R1-source-reconstruction/report/FULL_TECHNICAL_REPORT.md
376626c4273a0a55a36d39b713ca1aee3656724ff403bf59144e9fee297ff299	projects/DOC-2-060-Rare-Disease-Evidence/rounds/DOC-2-060-R1-source-reconstruction-20260921.tar-478f3878/DOC-2-060-R1-source-reconstruction/results/hpo_archive_audit.json	DOC-2-060-Rare-Disease-Evidence/rounds/DOC-2-060-R1-source-reconstruction-20260921.tar-478f3878/DOC-2-060-R1-source-reconstruction/results/hpo_archive_audit.json
da67985066ec9f629f5acb753206e3cbcba6561dbb31bfbc34c00763b58ad9b2	projects/DOC-2-060-Rare-Disease-Evidence/rounds/DOC-2-060-R1-source-reconstruction-20260921.tar-478f3878/DOC-2-060-R1-source-reconstruction/review/FLAGSHIP_REVIEW.md	DOC-2-060-Rare-Disease-Evidence/rounds/DOC-2-060-R1-source-reconstruction-20260921.tar-478f3878/DOC-2-060-R1-source-reconstruction/review/FLAGSHIP_REVIEW.md
48cd6e935efde44d5661782582755eef4f74773b40c1885aa3d93eda04e59dea	projects/DOC-2-060-Rare-Disease-Evidence/rounds/DOC-2-060-R2-source-forensics-20260921.tar-7dfd3841/DOC-2-060-R2-source-forensics/provenance/SOURCE_LEDGER.md	DOC-2-060-Rare-Disease-Evidence/rounds/DOC-2-060-R2-source-forensics-20260921.tar-7dfd3841/DOC-2-060-R2-source-forensics/provenance/SOURCE_LEDGER.md
4528017896932138126fa2082d1fed7f9062611299331f91df92ab5bc0143d0e	projects/DOC-2-060-Rare-Disease-Evidence/rounds/DOC-2-060-R2-source-forensics-20260921.tar-7dfd3841/DOC-2-060-R2-source-forensics/provenance/file_manifest_sha256.csv	DOC-2-060-Rare-Disease-Evidence/rounds/DOC-2-060-R2-source-forensics-20260921.tar-7dfd3841/DOC-2-060-R2-source-forensics/provenance/file_manifest_sha256.csv
81ed5f14763afca1e53f56df873a8761c9802b77e98e155a1d3297160b50bd66	projects/DOC-2-060-Rare-Disease-Evidence/rounds/DOC-2-060-R2-source-forensics-20260921.tar-7dfd3841/DOC-2-060-R2-source-forensics/report/FULL_REPORT.md	DOC-2-060-Rare-Disease-Evidence/rounds/DOC-2-060-R2-source-forensics-20260921.tar-7dfd3841/DOC-2-060-R2-source-forensics/report/FULL_REPORT.md
e633b66bb40aa2e046aa7b9191fdeffe859157e7391975ba75495c1066f88b50	projects/DOC-2-060-Rare-Disease-Evidence/rounds/DOC-2-060-R2-source-forensics-20260921.tar-7dfd3841/DOC-2-060-R2-source-forensics/results/search_log.csv	DOC-2-060-Rare-Disease-Evidence/rounds/DOC-2-060-R2-source-forensics-20260921.tar-7dfd3841/DOC-2-060-R2-source-forensics/results/search_log.csv
ff05fe2de26f6ce55d8936542715f835de92494fbdf74f544583ff66139a4119	projects/DOC-2-060-Rare-Disease-Evidence/rounds/DOC-2-060-R2-source-forensics-20260921.tar-7dfd3841/DOC-2-060-R2-source-forensics/review/REVIEW.md	DOC-2-060-Rare-Disease-Evidence/rounds/DOC-2-060-R2-source-forensics-20260921.tar-7dfd3841/DOC-2-060-R2-source-forensics/review/REVIEW.md
